Parameter Type,Trials,Overall time,Mean,Std Dev,Variance,Confidence Interval,25th Percentile,Median,75th Percentile,Range,Min,Max,
Standard Parameters (2 Primes (1/2N+1/2N) with arbitrary e selection):,3847,5139570.81048 ms,1335.99449 ms,768.65487 ms,590830.30418 ms²,95% with bounds 1311.70500 ms - 1360.28398 ms,764.87479 ms,1181.51417 ms,1742.38763 ms,6430.46850 ms,213.62488 ms,6644.09338 ms,
Standard Parameters (3 Primes (1/4N+1/4N+1/2N) with arbitrary e selection):,3847,3127106.74416 ms,812.86892 ms,581.48345 ms,338123.00804 ms²,95% with bounds 794.49405 ms - 831.24380 ms,406.25875 ms,644.99658 ms,1035.09046 ms,6498.48363 ms,149.57371 ms,6648.05733 ms,
Provable Parameters (2 Primes (1/2N+1/2N) with small e selection):,3847,5177297.05958 ms,1345.80116 ms,789.79128 ms,623770.26124 ms²,95% with bounds 1320.84376 ms - 1370.75856 ms,757.04067 ms,1157.88358 ms,1740.98383 ms,5979.87283 ms,216.35467 ms,6196.22750 ms,
Provable Parameters (3 Primes (1/4N+1/4N+1/2N) with small e selection):,3847,3096978.48924 ms,805.03730 ms,555.58792 ms,308677.94012 ms²,95% with bounds 787.48072 ms - 822.59387 ms,409.86204 ms,636.65933 ms,1035.07746 ms,4388.49479 ms,156.91004 ms,4545.40483 ms,
