Parameter Type,Trials,Overall time,Mean,Std Dev,Variance,Confidence Interval,25th Percentile,Median,75th Percentile,Range,Min,Max,
Standard Parameters (2 Primes (1/2N+1/2N) with arbitrary e selection):,3847,10025508.51280 ms,2606.05888 ms,1614.90918 ms,2607931.66202 ms²,95% with bounds 2555.02776 ms - 2657.09000 ms,1417.27975 ms,2245.02108 ms,3422.26542 ms,11525.95642 ms,341.26588 ms,11867.22229 ms,
Standard Parameters (3 Primes (1/4N+1/4N+1/2N) with arbitrary e selection):,3847,5937935.29067 ms,1543.52360 ms,1162.66910 ms,1351799.44484 ms²,95% with bounds 1506.78326 ms - 1580.26394 ms,715.96850 ms,1207.89275 ms,1981.24696 ms,8259.66388 ms,269.06354 ms,8528.72742 ms,
Provable Parameters (2 Primes (1/2N+1/2N) with small e selection):,3847,9976397.40289 ms,2593.29280 ms,1566.57388 ms,2454153.70771 ms²,95% with bounds 2543.78908 ms - 2642.79653 ms,1420.57613 ms,2256.76554 ms,3417.35108 ms,10998.30175 ms,320.67396 ms,11318.97571 ms,
Provable Parameters (3 Primes (1/4N+1/4N+1/2N) with small e selection):,3847,5899550.30713 ms,1533.54570 ms,1147.96010 ms,1317812.38040 ms²,95% with bounds 1497.27017 ms - 1569.82123 ms,721.49154 ms,1194.99279 ms,2007.73946 ms,11288.17233 ms,224.15396 ms,11512.32629 ms,
