Parameter Type,Trials,Overall time,Mean,Std Dev,Variance,Confidence Interval,25th Percentile,Median,75th Percentile,Range,Min,Max,
Standard Parameters (2 Primes (1/2N+1/2N) with arbitrary e selection):,3847,2512465.59783 ms,653.09737 ms,349.82224 ms,122375.60291 ms²,95% with bounds 642.04299 ms - 664.15175 ms,394.05558 ms,568.76025 ms,823.37171 ms,2480.62675 ms,156.76954 ms,2637.39629 ms,
Standard Parameters (3 Primes (1/4N+1/4N+1/2N) with arbitrary e selection):,3847,1524916.73096 ms,396.39114 ms,244.54868 ms,59804.05520 ms²,95% with bounds 388.66341 ms - 404.11888 ms,220.45496 ms,326.98117 ms,497.99713 ms,2063.10838 ms,103.00438 ms,2166.11275 ms,
Provable Parameters (2 Primes (1/2N+1/2N) with small e selection):,3847,2494789.87108 ms,648.50270 ms,340.86642 ms,116189.91836 ms²,95% with bounds 637.73132 ms - 659.27407 ms,396.17483 ms,577.23179 ms,823.48121 ms,2562.00825 ms,144.18433 ms,2706.19258 ms,
Provable Parameters (3 Primes (1/4N+1/4N+1/2N) with small e selection):,3847,1516030.63440 ms,394.08127 ms,251.03722 ms,63019.68474 ms²,95% with bounds 386.14849 ms - 402.01404 ms,218.82379 ms,318.45613 ms,490.04521 ms,1877.85863 ms,99.98625 ms,1977.84488 ms,
